{
	"credit": "Made with Blockbench",
	"parent": "generated",
	"ambientocclusion": false,
	"textures": {
		"2": "item/captain_shield",
		"3": "item/captain_shield_back",
		"particle": "item/captain_shield"
	},
	"elements": [
		{
			"name": "shield_0",
			"from": [5, 0, -10],
			"to": [11, 18, -9],
			"rotation": {"angle": 0, "axis": "z", "origin": [8, 9, 0]},
			"faces": {
				"north": {"uv": [6.5, 12.5, 9.5, 3.5], "rotation": 180, "texture": "#3"},
				"east": {"uv": [9, 3.5, 9.5, 12.5], "texture": "#2"},
				"south": {"uv": [6.5, 3.5, 9.5, 12.5], "texture": "#2"},
				"west": {"uv": [6.5, 3.5, 7, 12.5], "texture": "#2"},
				"up": {"uv": [9.5, 3.5, 6.5, 4], "rotation": 180, "texture": "#2"},
				"down": {"uv": [6.5, 12, 9.5, 12.5], "texture": "#2"}
			}
		},
		{
			"name": "shield_1",
			"from": [3, 1, -10],
			"to": [5, 17, -9],
			"rotation": {"angle": 0, "axis": "z", "origin": [8, 9, 0]},
			"faces": {
				"north": {"uv": [5.5, 12, 6.5, 4], "rotation": 180, "texture": "#3"},
				"east": {"uv": [6, 4, 6.5, 12], "texture": "#2"},
				"south": {"uv": [5.5, 4, 6.5, 12], "texture": "#2"},
				"west": {"uv": [5.5, 4, 6, 12], "texture": "#2"},
				"up": {"uv": [6.5, 4, 5.5, 4.5], "rotation": 180, "texture": "#2"},
				"down": {"uv": [5.5, 11.5, 6.5, 12], "texture": "#2"}
			}
		},
		{
			"name": "shield_2",
			"from": [11, 1, -10],
			"to": [13, 17, -9],
			"rotation": {"angle": 0, "axis": "z", "origin": [8, 9, 0]},
			"faces": {
				"north": {"uv": [9.5, 12, 10.5, 4], "rotation": 180, "texture": "#3"},
				"east": {"uv": [10, 4, 10.5, 12], "texture": "#2"},
				"south": {"uv": [9.5, 4, 10.5, 12], "texture": "#2"},
				"west": {"uv": [9.5, 4, 10, 12], "texture": "#2"},
				"up": {"uv": [10.5, 4, 9.5, 4.5], "rotation": 180, "texture": "#2"},
				"down": {"uv": [9.5, 11.5, 10.5, 12], "texture": "#2"}
			}
		},
		{
			"name": "shield_3",
			"from": [2, 2, -10],
			"to": [3, 16, -9],
			"rotation": {"angle": 0, "axis": "z", "origin": [8, 9, 0]},
			"faces": {
				"north": {"uv": [5, 11.5, 5.5, 4.5], "rotation": 180, "texture": "#3"},
				"east": {"uv": [5, 4.5, 5.5, 11.5], "texture": "#2"},
				"south": {"uv": [5, 4.5, 5.5, 11.5], "texture": "#2"},
				"west": {"uv": [5, 4.5, 5.5, 11.5], "texture": "#2"},
				"up": {"uv": [5.5, 4.5, 5, 5], "rotation": 180, "texture": "#2"},
				"down": {"uv": [5, 11, 5.5, 11.5], "texture": "#2"}
			}
		},
		{
			"name": "shield_4",
			"from": [13, 2, -10],
			"to": [14, 16, -9],
			"rotation": {"angle": 0, "axis": "z", "origin": [8, 9, 0]},
			"faces": {
				"north": {"uv": [10.5, 11.5, 11, 4.5], "rotation": 180, "texture": "#3"},
				"east": {"uv": [10.5, 4.5, 11, 11.5], "texture": "#2"},
				"south": {"uv": [10.5, 4.5, 11, 11.5], "texture": "#2"},
				"west": {"uv": [10.5, 4.5, 11, 11.5], "texture": "#2"},
				"up": {"uv": [11, 4.5, 10.5, 5], "rotation": 180, "texture": "#2"},
				"down": {"uv": [10.5, 11, 11, 11.5], "texture": "#2"}
			}
		},
		{
			"name": "shield_5",
			"from": [1, 3, -10],
			"to": [2, 15, -9],
			"rotation": {"angle": 0, "axis": "z", "origin": [8, 9, 0]},
			"faces": {
				"north": {"uv": [4.5, 11, 5, 5], "rotation": 180, "texture": "#3"},
				"east": {"uv": [4.5, 5, 5, 11], "texture": "#2"},
				"south": {"uv": [4.5, 5, 5, 11], "texture": "#2"},
				"west": {"uv": [4.5, 5, 5, 11], "texture": "#2"},
				"up": {"uv": [5, 5, 4.5, 5.5], "rotation": 180, "texture": "#2"},
				"down": {"uv": [4.5, 10.5, 5, 11], "texture": "#2"}
			}
		},
		{
			"name": "shield_6",
			"from": [14, 3, -10],
			"to": [15, 15, -9],
			"rotation": {"angle": 0, "axis": "z", "origin": [8, 9, 0]},
			"faces": {
				"north": {"uv": [11, 11, 11.5, 5], "rotation": 180, "texture": "#3"},
				"east": {"uv": [11, 5, 11.5, 11], "texture": "#2"},
				"south": {"uv": [11, 5, 11.5, 11], "texture": "#2"},
				"west": {"uv": [11, 5, 11.5, 11], "texture": "#2"},
				"up": {"uv": [11.5, 5, 11, 5.5], "rotation": 180, "texture": "#2"},
				"down": {"uv": [11, 10.5, 11.5, 11], "texture": "#2"}
			}
		},
		{
			"name": "shield_7",
			"from": [0, 4, -10],
			"to": [1, 14, -9],
			"rotation": {"angle": 0, "axis": "z", "origin": [8, 9, 0]},
			"faces": {
				"north": {"uv": [4, 10.5, 4.5, 5.5], "rotation": 180, "texture": "#3"},
				"east": {"uv": [4, 5.5, 4.5, 10.5], "texture": "#2"},
				"south": {"uv": [4, 5.5, 4.5, 10.5], "texture": "#2"},
				"west": {"uv": [4, 5.5, 4.5, 10.5], "texture": "#2"},
				"up": {"uv": [4.5, 5.5, 4, 6], "rotation": 180, "texture": "#2"},
				"down": {"uv": [4, 10, 4.5, 10.5], "texture": "#2"}
			}
		},
		{
			"name": "shield_8",
			"from": [15, 4, -10],
			"to": [16, 14, -9],
			"rotation": {"angle": 0, "axis": "z", "origin": [8, 9, 0]},
			"faces": {
				"north": {"uv": [11.5, 10.5, 12, 5.5], "rotation": 180, "texture": "#3"},
				"east": {"uv": [11.5, 5.5, 12, 10.5], "texture": "#2"},
				"south": {"uv": [11.5, 5.5, 12, 10.5], "texture": "#2"},
				"west": {"uv": [11.5, 5.5, 12, 10.5], "texture": "#2"},
				"up": {"uv": [12, 5.5, 11.5, 6], "rotation": 180, "texture": "#2"},
				"down": {"uv": [11.5, 10, 12, 10.5], "texture": "#2"}
			}
		},
		{
			"name": "shield_9",
			"from": [-1, 6, -10],
			"to": [0, 12, -9],
			"rotation": {"angle": 0, "axis": "z", "origin": [8, 9, 0]},
			"faces": {
				"north": {"uv": [3.5, 9.5, 4, 6.5], "rotation": 180, "texture": "#3"},
				"east": {"uv": [3.5, 6.5, 4, 9.5], "texture": "#2"},
				"south": {"uv": [3.5, 6.5, 4, 9.5], "texture": "#2"},
				"west": {"uv": [3.5, 6.5, 4, 9.5], "texture": "#2"},
				"up": {"uv": [4, 6.5, 3.5, 7], "rotation": 180, "texture": "#2"},
				"down": {"uv": [3.5, 9, 4, 9.5], "texture": "#2"}
			}
		},
		{
			"name": "shield_10",
			"from": [16, 6, -10],
			"to": [17, 12, -9],
			"rotation": {"angle": 0, "axis": "z", "origin": [8, 9, 0]},
			"faces": {
				"north": {"uv": [12, 9.5, 12.5, 6.5], "rotation": 180, "texture": "#3"},
				"east": {"uv": [12, 6.5, 12.5, 9.5], "texture": "#2"},
				"south": {"uv": [12, 6.5, 12.5, 9.5], "texture": "#2"},
				"west": {"uv": [12, 6.5, 12.5, 9.5], "texture": "#2"},
				"up": {"uv": [12.5, 6.5, 12, 7], "rotation": 180, "texture": "#2"},
				"down": {"uv": [12, 9, 12.5, 9.5], "texture": "#2"}
			}
		},
		{
			"from": [6, 6, -15],
			"to": [10, 11, -10],
			"faces": {
				"north": {"uv": [6, 13, 7, 15.5], "texture": "#3"},
				"east": {"uv": [7, 13, 9.5, 15.5], "texture": "#3"},
				"south": {"uv": [7, 13.5, 9, 15.5], "texture": "#3"},
				"west": {"uv": [7, 13, 9.5, 15.5], "texture": "#3"},
				"up": {"uv": [6, 13, 7, 15.5], "texture": "#3"},
				"down": {"uv": [6, 13, 7, 15.5], "texture": "#3"}
			}
		}
	],
	"gui_light": "front",
	"overrides": [
		{
			"predicate": {
				"blocking": 1
			},
			"model": "item/shield_blocking"
		}
	],
	"display": {
		"thirdperson_righthand": {
			"rotation": [-21, 90, 24],
			"translation": [20.5, -2.5, 4.25]
		},
		"thirdperson_lefthand": {
			"rotation": [-21, 90, 24],
			"translation": [20.5, -2.5, 4.25]
		},
		"firstperson_righthand": {
			"rotation": [9, 173.75, -21],
			"translation": [-1.25, -0.5, -19.25]
		},
		"firstperson_lefthand": {
			"rotation": [9, 173.75, -21],
			"translation": [-1.25, -0.5, -19.25]
		},
		"ground": {
			"rotation": [-90, 0, 0],
			"translation": [0, 16, 0],
			"scale": [0.8, 0.8, 0.8]
		},
		"gui": {
			"translation": [0, -1, 0]
		},
		"head": {
			"rotation": [3.5, 0, 0],
			"translation": [0.25, -17.5, 33.5],
			"scale": [1.5, 1.5, 1.5]
		},
		"fixed": {
			"rotation": [-180, 0, -180],
			"translation": [0, -1, -19.75]
		}
	},
	"groups": [
		{
			"name": "shield",
			"origin": [8, 8, 8],
			"color": 0,
			"children": [0, 1, 2, 3, 4, 5, 6, 7, 8, 9, 10]
		}, 11]
}