{
    "parent": "item/generated_large",
    "display": {
        "thirdperson_righthand": {
            "rotation": [ 0, -90, 55 ],
            "translation": [ 0, 0, 0.5 ],
            "scale": [ 1.5, 1.5, 1.5 ]
        },
        "thirdperson_lefthand": {
            "rotation": [ 0, 90, -55 ],
            "translation": [ 0, 0, 0.5 ],
            "scale": [ 1.5, 1.5, 1.5 ]
        },
        "firstperson_righthand": {
            "rotation": [ 0, -90, 25 ],
            "translation": [ 1.13, 2.8, 1.13 ],
            "scale": [ 1.25, 1.25, 1.25 ]
        },
        "firstperson_lefthand": {
            "rotation": [ 0, 90, -25 ],
            "translation": [ 1.13, 2.8, 1.13 ],
            "scale": [ 1.25, 1.25, 1.25 ]
        },
		"gui": {
            "scale":[ 1.2, 1.2, 1.2 ]
        }
    }
}
