{
	"credit": "Made with Blockbench",
	"ambientocclusion": false,
	"textures": {
		"particle": "block/iron_bars",
		"bars": "block/iron_bars"
	},
	"elements": [
		{
			"from": [8, 0, 7],
			"to": [8, 16, 8],
			"faces": {
				"east": {"uv": [12, 0, 11, 16], "texture": "#bars"},
				"west": {"uv": [11, 0, 12, 16], "texture": "#bars"}
			}
		},
		{
			"from": [7, 0, 7],
			"to": [9, 16, 7],
			"faces": {
				"north": {"uv": [11, 0, 13, 16], "texture": "#bars"},
				"south": {"uv": [13, 0, 11, 16], "texture": "#bars"}
			}
		}
	]
}