{
	"credit": "Made with Blockbench",
	"ambientocclusion": false,
	"textures": {
		"particle": "block/iron_bars",
		"edge": "block/iron_bars"
	},
	"elements": [
		{
			"from": [7, 0.001, 7],
			"to": [9, 0.001, 9],
			"faces": {
				"up": {"uv": [3, 2, 5, 4], "texture": "#edge"},
				"down": {"uv": [11, 0, 13, 2], "texture": "#edge"}
			}
		},
		{
			"from": [7, 15.999, 7],
			"to": [9, 15.999, 9],
			"faces": {
				"up": {"uv": [3, 2, 5, 4], "texture": "#edge"},
				"down": {"uv": [11, 0, 13, 2], "texture": "#edge"}
			}
		}
	]
}